8.6041,8.5958,8.6004,8.6824,8.612,8.6355,8.6496,8.6316,8.5768,8.516,8.484,8.3959,8.27,8.2359,8.1458,8.0765,7.9841,7.9381,7.927,8.011,7.9255,8.4515,8.7133,9.2441,9.3613,9.4247,9.3791,9.3566,9.3358,9.2981,9.3096,9.338,9.3265,9.2662,9.3584,9.4614,9.5464,9.5893,9.7339,9.7377,9.7431,9.7168,9.7011,9.6902,9.6767,9.6726,9.6716,9.649,9.6618,9.6361,9.6009,9.6353,9.6836,9.7382,9.7936,9.8055,9.8189,9.8076,9.8184,9.8199,9.8229,9.8293,9.8824,9.8727,10.086
8.4589,8.497,8.5226,8.5648,8.535,8.472,8.45,8.3973,8.3882,8.3975,8.3518,8.3573,8.2509,8.2537,8.1685,7.9946,7.8152,7.669,7.5858,7.5449,7.5653,8.29,8.6141,9.2183,9.2938,9.344,9.3176,9.3084,9.2857,9.2502,9.2817,9.3631,9.4107,9.3664,9.331,9.4266,9.5008,9.5755,9.7031,9.7049,9.698,9.6868,9.6736,9.6579,9.6468,9.6722,9.6523,9.641,9.6395,9.6571,9.7098,9.7418,9.7589,9.7942,9.8596,9.8262,9.8458,9.8489,9.8649,9.8566,9.8395,9.8504,9.8726,9.8832,10.066
8.317,8.3859,8.3481,8.3258,8.2955,8.2356,8.2835,8.2837,8.4145,8.3964,8.4543,8.499,8.436,8.3733,8.2375,8.1149,7.8192,7.5964,7.4765,7.3976,7.4325,8.1035,8.4478,9.0814,9.1856,9.2384,9.1831,9.2787,9.2505,9.3037,9.3619,9.4221,9.4318,9.3972,9.3632,9.3406,9.3997,9.5118,9.6443,9.6691,9.6321,9.6548,9.6866,9.6465,9.6391,9.642,9.5951,9.6582,9.7313,9.7592,9.7888,9.8234,9.8394,9.8584,9.8634,9.8442,9.8332,9.8288,9.838,9.813,9.805,9.8498,9.8663,9.8631,10.083
8.4816,8.4589,8.318,8.2777,8.2649,8.306,8.4451,8.5768,8.657,8.6791,8.6942,8.6756,8.699,8.6477,8.5305,8.3395,7.9896,7.6183,7.3065,7.1701,7.1974,7.8951,8.2597,8.9818,9.083,9.1597,9.0966,9.2442,9.323,9.389,9.4155,9.446,9.4294,9.352,9.3629,9.3372,9.2878,9.4208,9.5887,9.6406,9.6294,9.6455,9.6584,9.6252,9.6117,9.6346,9.6988,9.7661,9.824,9.8145,9.8441,9.8499,9.8472,9.8404,9.8444,9.8224,9.8072,9.8233,9.8087,9.8106,9.7819,9.825,9.8526,9.8513,10.076
8.6087,8.4896,8.4621,8.4935,8.5675,8.6382,8.886,9.0119,9.0824,9.1038,9.1226,9.1179,9.1712,9.1759,9.0674,8.8343,8.4625,7.6611,7.0648,7.0121,6.8947,7.7093,8.0974,8.869,9.0379,9.1093,9.1549,9.3453,9.3744,9.4388,9.4396,9.4522,9.4129,9.3416,9.3202,9.3363,9.3202,9.3026,9.4993,9.5721,9.6109,9.6553,9.6107,9.6121,9.7039,9.7743,9.7858,9.834,9.8346,9.8271,9.8155,9.8163,9.8197,9.8392,9.8164,9.7937,9.8102,9.8161,9.8015,9.8075,9.7905,9.8266,9.849,9.8797,10.117
8.8795,8.8452,8.8242,8.9841,9.0453,9.0908,9.373,9.5382,9.5846,9.5935,9.6088,9.6411,9.6504,9.6538,9.6048,9.3632,8.7164,7.4944,6.9565,6.7822,6.7007,7.4731,7.9113,8.7919,9.0556,9.1321,9.272,9.3507,9.4034,9.4112,9.4041,9.4315,9.4005,9.3251,9.2809,9.2818,9.3049,9.2797,9.4167,9.5201,9.5685,9.6056,9.6505,9.7148,9.783,9.7972,9.793,9.8089,9.8145,9.7897,9.7994,9.7868,9.7761,9.8284,9.8075,9.7933,9.8078,9.8081,9.806,9.8137,9.8171,9.8189,9.8345,9.9354,10.101
8.9236,8.9551,9.0497,9.0813,9.1433,9.1351,9.4727,9.6393,9.6548,9.6601,9.6584,9.6796,9.6704,9.6418,9.5661,9.2345,8.5218,7.4877,6.8459,6.5294,6.3404,7.3304,7.8921,8.8879,9.0443,9.143,9.3104,9.3722,9.3772,9.375,9.374,9.3815,9.3706,9.3303,9.291,9.2837,9.2825,9.3313,9.4718,9.3901,9.4726,9.6362,9.7066,9.7537,9.8089,9.7791,9.7632,9.7626,9.7706,9.7885,9.7842,9.77,9.7709,9.8428,9.7991,9.7857,9.7873,9.8016,9.8039,9.7739,9.8299,9.8112,9.8198,9.9506,10.108
8.5088,8.6327,8.6786,8.6982,8.7169,8.7689,9.1022,9.2125,9.1894,9.2306,9.2086,9.2114,9.2324,9.1956,9.158,8.9094,8.4242,7.4916,6.6412,6.0913,6.1269,7.2991,7.8652,8.8925,9.0526,9.098,9.2756,9.3647,9.3625,9.3542,9.3651,9.3626,9.3455,9.282,9.2989,9.3286,9.2758,9.3246,9.4421,9.4141,9.4927,9.5887,9.6598,9.6903,9.7579,9.7567,9.7436,9.7646,9.7453,9.759,9.7666,9.7568,9.7784,9.8053,9.7884,9.7663,9.778,9.8013,9.7696,9.7853,9.8025,9.8041,9.7972,9.9393,10.099
8.4478,8.5471,8.5899,8.6163,8.659,8.7475,8.8445,8.8584,8.8814,8.8577,8.8709,8.8825,8.8754,8.8568,8.7499,8.5506,8.1295,7.524,6.2934,5.8021,5.9915,7.3582,7.9316,8.8124,8.9979,9.0307,9.238,9.3155,9.3468,9.3968,9.3739,9.3373,9.364,9.3063,9.3092,9.3529,9.3145,9.2612,9.433,9.5045,9.5523,9.5161,9.5527,9.6337,9.6812,9.7094,9.7215,9.7365,9.7118,9.7365,9.7524,9.733,9.7607,9.7665,9.7658,9.7709,9.7551,9.74,9.7485,9.7427,9.7517,9.7542,9.759,9.921,10.064
8.3855,8.4121,8.4789,8.4737,8.4923,8.5176,8.5789,8.5677,8.5376,8.5271,8.5409,8.5293,8.5305,8.4688,8.3521,8.192,7.8252,7.4307,6.2971,5.717,5.6904,7.4158,7.9787,8.7424,8.9499,8.9926,9.1722,9.288,9.3252,9.3932,9.3819,9.3889,9.3691,9.3237,9.3428,9.3074,9.2584,9.3085,9.4857,9.5015,9.5376,9.5411,9.5133,9.5247,9.6115,9.6378,9.6838,9.6738,9.6617,9.6716,9.663,9.6679,9.6837,9.6629,9.7105,9.7188,9.6871,9.7017,9.7223,9.7224,9.7527,9.7566,9.8084,9.987,10.092
8.2239,8.2099,8.2561,8.2905,8.2993,8.3183,8.3452,8.3388,8.3805,8.3731,8.3889,8.3568,8.2705,8.2449,8.1418,7.9509,7.6985,7.573,6.4922,5.7526,5.6276,7.3784,7.9769,8.8037,8.9479,8.9904,9.0848,9.2249,9.2779,9.3506,9.3725,9.3959,9.3878,9.3286,9.2811,9.2339,9.2728,9.3693,9.5285,9.5296,9.5273,9.5207,9.4823,9.4821,9.4581,9.4517,9.539,9.626,9.6262,9.6819,9.7131,9.7552,9.773,9.7469,9.799,9.8033,9.8096,9.8189,9.8149,9.833,9.8234,9.8524,9.9513,10.111,10.205
8.1426,8.1424,8.175,8.2196,8.2464,8.2738,8.2744,8.2802,8.3028,8.2723,8.2569,8.1693,8.1539,8.1602,8.0593,7.9466,7.9509,7.9392,6.7429,5.7236,5.6664,7.4037,8.0459,8.8208,8.9947,9.0406,9.049,9.1926,9.2656,9.3252,9.3576,9.3638,9.3754,9.3045,9.232,9.2958,9.3263,9.3673,9.499,9.4615,9.4395,9.4207,9.4693,9.5199,9.5642,9.5447,9.5809,9.6815,9.6933,9.7431,9.776,9.8275,9.8294,9.8003,9.8196,9.8834,9.8545,9.875,9.86,9.8468,9.8425,9.8644,9.8912,10.109,10.259
8.3077,8.3265,8.3533,8.3798,8.4202,8.4648,8.4751,8.498,8.468,8.4308,8.3957,8.2928,8.3097,8.2406,8.2553,8.3345,8.3424,8.2364,6.9137,5.6454,5.5452,7.4325,8.051,8.7697,9.0445,9.1527,9.0533,9.1286,9.2206,9.2551,9.2624,9.2301,9.2398,9.1954,9.259,9.2697,9.2389,9.232,9.4507,9.5047,9.5318,9.5434,9.5669,9.5796,9.584,9.5883,9.584,9.5805,9.5644,9.6314,9.7097,9.7527,9.7737,9.7775,9.7828,9.8306,9.8111,9.7814,9.791,9.7778,9.7322,9.7443,9.7688,10.036,10.179
8.6141,8.655,8.6761,8.6807,8.7249,8.7673,8.7694,8.7977,8.7865,8.7237,8.6733,8.6061,8.523,8.5522,8.5738,8.6452,8.6396,8.3973,7.075,5.6525,5.5984,7.5071,8.0913,8.7792,9.0625,9.2065,9.1568,9.0628,9.1321,9.1535,9.2038,9.1981,9.1452,9.1015,9.2116,9.3237,9.3937,9.4405,9.6436,9.6544,9.6509,9.6722,9.6594,9.6718,9.6791,9.6502,9.6362,9.6886,9.6629,9.6491,9.6456,9.7583,9.7841,9.8006,9.8156,9.8571,9.84,9.8594,9.881,9.8771,9.8673,9.8349,9.831,10.086,10.226
8.9106,8.95,8.9887,9.0315,9.0768,9.0672,9.0921,9.0969,9.0718,8.9964,8.9016,8.8659,8.8499,8.916,8.9602,8.9414,8.9025,8.6908,7.1952,5.8081,5.6904,7.7541,8.3258,8.9851,9.2567,9.3251,9.3214,9.2105,9.1403,9.1607,9.2047,9.0745,9.0973,9.2552,9.3724,9.4814,9.4848,9.5566,9.7383,9.7776,9.7373,9.7239,9.7441,9.7561,9.755,9.717,9.6857,9.7142,9.707,9.6773,9.6753,9.6735,9.6812,9.7318,9.7621,9.7956,9.8302,9.8461,9.8741,9.9089,9.9361,9.9029,9.9219,10.08,10.192
9.1824,9.1511,9.1657,9.1818,9.2037,9.2176,9.2203,9.1673,9.1402,9.0747,8.9893,9.0546,9.2066,9.2425,9.256,9.1839,9.1259,8.926,7.3569,5.6168,5.6768,7.9146,8.4716,9.0912,9.4474,9.4775,9.4863,9.3693,9.2416,9.2245,9.0423,9.2047,9.4512,9.5462,9.5863,9.64,9.6634,9.7038,9.8953,9.9508,9.9228,9.9039,9.8966,9.9043,9.93,9.905,9.8706,9.8768,9.8734,9.8466,9.8526,9.8897,9.8629,9.8421,9.8411,9.9041,9.9684,9.9911,10.012,10.094,10.102,10.11,10.136,10.187,10.195
9.5059,9.4375,9.3633,9.2997,9.253,9.2565,9.1874,9.1578,9.1631,9.0523,9.0295,9.204,9.374,9.4134,9.3696,9.3407,9.2383,9.0404,7.5802,5.5797,5.6836,8.0812,8.6716,9.2232,9.6366,9.7491,9.7604,9.6958,9.4611,9.2286,9.4133,9.6734,9.74,9.778,9.8436,9.8726,9.9006,9.9099,10.103,10.18,10.19,10.178,10.169,10.159,10.167,10.153,10.14,10.166,10.172,10.121,10.115,10.136,10.131,10.134,10.111,10.092,10.1,10.109,10.154,10.243,10.235,10.203,10.253,10.212,10.151
9.6969,9.6966,9.6635,9.5382,9.3511,9.232,9.172,9.1145,9.0745,9.0627,9.1013,9.2608,9.4029,9.4334,9.4165,9.4287,9.35,9.1897,7.7575,5.7004,5.6168,7.9936,8.5999,9.2498,9.6598,9.799,9.8903,9.8397,9.438,9.3615,9.7177,9.8644,9.9183,9.8537,9.8958,9.9419,9.9859,9.9758,10.141,10.218,10.256,10.254,10.264,10.258,10.268,10.228,10.223,10.235,10.253,10.227,10.225,10.22,10.183,10.164,10.156,10.15,10.141,10.092,10.022,10.007,9.9658,9.991,10.126,10.113,10.108
9.7349,9.7831,9.8289,9.7941,9.5574,9.2413,9.1325,9.0501,9.0031,9.0826,9.1698,9.2657,9.411,9.4155,9.4252,9.4332,9.3904,9.234,7.9266,5.8522,5.5053,8.0529,8.6069,8.9907,9.4152,9.6323,9.8013,9.8092,9.3775,9.618,9.8179,9.9886,10.009,9.9305,9.8789,9.8963,9.9525,9.9565,10.121,10.193,10.223,10.228,10.248,10.27,10.284,10.286,10.272,10.255,10.26,10.259,10.24,10.231,10.186,10.138,10.091,10.033,10.056,9.9449,9.9271,9.966,9.9403,9.9445,9.9858,9.9235,9.9171
9.7933,9.8287,9.8203,9.7639,9.6815,9.4035,9.0652,9.0085,9.0337,9.1308,9.1262,9.2189,9.3415,9.3936,9.3927,9.4273,9.3978,9.2212,7.9054,5.8833,5.7714,8.295,8.7866,9.0585,9.3012,9.343,9.4411,9.5265,9.387,9.8181,9.9167,10.039,10.088,9.9721,9.9381,9.9089,9.9113,9.9253,10.128,10.165,10.207,10.217,10.217,10.247,10.272,10.294,10.296,10.303,10.267,10.277,10.214,10.148,10.111,10.061,9.9826,9.9504,10.006,9.942,9.9233,9.9708,9.9197,9.9152,9.9737,9.9455,9.9211
9.8125,9.8212,9.777,9.6876,9.6799,9.5105,9.0739,8.9582,9.0746,9.0666,9.0976,9.2255,9.311,9.3971,9.4256,9.401,9.366,9.182,7.8988,5.7526,5.7621,8.3042,8.9676,9.4427,9.6199,9.4246,9.3574,9.2591,9.0638,9.5994,9.881,9.9903,10.101,10.056,9.973,9.9664,9.919,9.9226,10.076,10.149,10.186,10.196,10.209,10.215,10.232,10.234,10.207,10.187,10.184,10.215,10.139,10.045,9.9805,9.9361,9.9213,9.9728,10.038,9.9817,9.9346,9.9778,9.9686,9.9515,9.971,10.038,10.007
9.8002,9.809,9.692,9.6149,9.5247,9.483,9.11,9.0168,9.02,9.021,9.0697,9.1781,9.2898,9.3724,9.392,9.3464,9.2634,9.116,7.9095,5.6419,5.6454,8.2963,8.9893,9.4924,9.886,9.875,9.6127,9.4355,9.2329,9.2191,9.5531,9.7618,9.8579,9.9023,9.8992,9.9369,9.9572,9.9528,10.057,10.094,10.132,10.193,10.208,10.16,10.113,10.095,10.074,10.063,10.047,10.078,9.9737,9.9391,9.969,10.006,9.9904,9.9861,10.04,10.05,10.064,10.091,10.114,10.102,10.091,10.124,10.109
9.6553,9.6406,9.5549,9.4702,9.4096,9.4161,9.1441,8.9439,8.9718,8.9681,9.033,9.1245,9.2522,9.3093,9.2654,9.2248,9.1211,8.9635,7.8112,5.7621,5.7366,8.2744,8.9779,9.4906,9.8912,9.9922,9.8813,9.7775,9.6808,9.4342,9.4184,9.6165,9.6403,9.741,9.7949,9.797,9.8582,9.852,9.9763,9.9977,9.9941,10.025,10.119,10.082,10.029,10.003,9.9841,9.9197,9.8756,9.9168,9.9296,9.9844,10.016,10.09,10.112,10.135,10.164,10.188,10.161,10.168,10.187,10.161,10.169,10.186,10.19
9.4212,9.4121,9.3759,9.3121,9.2656,9.2729,9.0544,8.8108,8.8242,8.8554,8.8841,8.9438,9.108,9.1409,9.0768,9.1202,8.999,8.8303,7.6989,5.7807,5.79,8.2662,8.994,9.4979,9.8866,9.9674,9.9742,10.04,9.9263,9.7845,9.5561,9.5573,9.6944,9.6777,9.7524,9.7788,9.7921,9.7828,9.8767,9.8344,9.8066,9.8271,9.8338,9.7785,9.8127,9.8263,9.8115,9.7791,9.8463,9.9497,10.013,10.048,10.095,10.142,10.172,10.198,10.226,10.233,10.235,10.222,10.225,10.21,10.171,10.181,10.186
9.1136,9.0696,9.0625,9.045,9.0456,9.1,8.8555,8.596,8.6255,8.651,8.6893,8.7623,8.8937,8.9107,8.9436,8.9656,8.8771,8.7553,7.6506,5.8493,5.9506,8.2918,8.9693,9.5133,9.8545,9.9234,10.021,10.137,10.148,10.006,9.8808,9.7044,9.6531,9.6943,9.7203,9.8203,9.8254,9.783,9.8318,9.7975,9.7153,9.7382,9.6921,9.6063,9.5693,9.5623,9.6624,9.805,9.862,9.9198,9.9689,10.002,10.035,10.071,10.099,10.126,10.155,10.161,10.179,10.195,10.21,10.221,10.192,10.195,10.189
9.0269,8.9712,8.938,8.9722,9.062,9.07,8.8133,8.558,8.6001,8.6459,8.6737,8.7257,8.873,8.8691,8.9113,8.9372,8.8662,8.6987,7.6377,6.1841,6.1862,8.2441,8.9955,9.4835,9.8295,9.8706,10.053,10.141,10.164,10.161,10.069,9.9567,9.8224,9.6683,9.6621,9.6711,9.7022,9.7182,9.8617,9.7778,9.7294,9.7252,9.7416,9.6306,9.6319,9.6944,9.7573,9.7785,9.8599,9.9013,9.9324,9.9365,9.9072,9.9193,9.9146,9.9389,9.9335,9.9463,9.9795,9.9808,10.007,10.02,10.046,10.034,10.041
8.9419,8.9327,8.8845,8.9612,9.0386,9.1007,8.8292,8.6096,8.6015,8.6268,8.6078,8.7328,8.8453,8.8901,8.9177,8.9061,8.8926,8.7312,7.6912,6.5236,6.5013,8.1458,8.8947,9.3864,9.6829,9.7454,9.9197,10.027,10.034,10.05,10.053,9.9789,9.8202,9.6668,9.5663,9.4308,9.3556,9.4439,9.6376,9.6706,9.693,9.6794,9.678,9.6855,9.7006,9.692,9.7034,9.6956,9.7068,9.715,9.7318,9.7586,9.778,9.7714,9.7825,9.7824,9.7898,9.7722,9.7941,9.778,9.7975,9.7994,9.8189,9.8273,9.8444
8.9031,8.8589,8.8712,8.9761,9.0387,9.1142,8.8742,8.6294,8.6491,8.5877,8.6138,8.7055,8.8103,8.8944,8.9356,8.8971,8.8482,8.7768,7.7571,6.7685,6.8896,8.1656,8.8285,9.3026,9.5699,9.6145,9.7981,9.898,9.9062,9.908,9.8643,9.8159,9.725,9.6226,9.5651,9.4129,9.2729,9.2381,9.4983,9.6692,9.7364,9.7068,9.7909,9.857,9.805,9.7957,9.7861,9.7674,9.7263,9.6919,9.6812,9.7019,9.7349,9.7887,9.777,9.8057,9.806,9.8062,9.8049,9.8123,9.8195,9.8258,9.8373,9.8405,9.8718
8.8436,8.8458,8.9257,8.9711,9.0397,9.0943,8.9029,8.6708,8.6043,8.5775,8.6373,8.7042,8.8537,8.9372,8.9236,8.9088,8.8874,8.7794,7.8328,7.1017,7.1082,8.0839,8.6415,9.1024,9.4464,9.4978,9.6981,9.7237,9.704,9.6873,9.6165,9.6037,9.5273,9.4432,9.4877,9.4141,9.4372,9.4465,9.4968,9.5144,9.5613,9.673,9.7373,9.7771,9.7352,9.7253,9.7144,9.7086,9.7513,9.7035,9.6692,9.6549,9.6548,9.6693,9.7073,9.7385,9.793,9.8102,9.8026,9.8222,9.823,9.8323,9.8365,9.836,9.8598
8.7386,8.8582,8.9751,8.9653,9.0574,9.1296,8.8241,8.6187,8.648,8.6149,8.6644,8.7537,8.8771,8.9209,8.9453,8.9449,8.9418,8.7597,7.9334,7.3633,7.4049,8.0478,8.6273,9.1076,9.569,9.5966,9.6738,9.6695,9.6444,9.6352,9.5407,9.5363,9.5035,9.4644,9.5061,9.5557,9.6471,9.7067,9.7313,9.6613,9.7096,9.7479,9.7215,9.7465,9.7971,9.8298,9.8285,9.7794,9.7942,9.7857,9.7317,9.7164,9.7005,9.6838,9.7034,9.6887,9.6528,9.7031,9.7836,9.8574,9.9084,9.9266,9.9303,9.939,9.9489
8.7258,8.8662,8.9857,9.0488,9.1201,9.11,8.6973,8.5773,8.6494,8.7101,8.703,8.7535,8.8903,8.9157,8.9512,8.9247,8.8965,8.7553,8.0478,7.7187,7.653,8.2895,8.8465,9.2916,9.7875,9.8203,9.7649,9.7884,9.7991,9.8153,9.6987,9.713,9.7842,9.823,9.8303,9.877,9.9632,9.9773,10.076,10.212,10.146,10.099,10.153,10.162,10.131,10.118,10.128,10.136,10.16,10.19,10.115,10.097,10.099,10.052,10.048,10.039,10.014,9.9668,9.92,9.9815,10.032,10.056,10.061,10.086,10.1
8.81,8.869,9.0325,9.1213,9.1311,8.8674,8.5734,8.5832,8.6473,8.6547,8.7175,8.7614,8.8831,8.9329,8.9181,8.9323,8.8886,8.672,8.1611,8.0087,7.9666,8.6786,9.0665,9.3046,9.8658,9.9078,9.7692,9.7779,9.8032,9.8308,9.8113,9.8877,9.9612,9.9527,9.9211,9.9157,9.9441,10.019,10.212,10.315,10.317,10.278,10.235,10.262,10.277,10.296,10.279,10.264,10.256,10.246,10.184,10.161,10.134,10.077,10.068,10.107,10.11,10.072,9.9889,9.9839,9.9748,9.9722,9.9835,10.008,10.013
8.8683,8.8923,8.9795,9.0817,8.9126,8.6403,8.5796,8.5627,8.5964,8.6348,8.6596,8.6846,8.8608,8.9079,8.8973,8.8982,8.8756,8.6637,8.3471,8.3094,8.2858,8.9119,9.0394,9.1838,9.7767,9.8372,9.7176,9.6896,9.7836,9.8705,9.9122,9.9753,9.9795,9.9442,9.8886,9.8404,9.9203,10.072,10.25,10.348,10.338,10.339,10.32,10.282,10.285,10.392,10.397,10.384,10.361,10.365,10.336,10.314,10.292,10.179,10.092,10.079,10.163,10.113,10.004,10.01,10.016,9.9846,9.9502,9.9978,9.9751
8.9339,8.874,8.7806,8.6825,8.5545,8.5088,8.4927,8.5436,8.5015,8.5658,8.6041,8.615,8.7475,8.8816,8.8962,8.8663,8.8112,8.7116,8.6268,8.6163,8.5828,9.0092,8.9723,9.1317,9.7204,9.7712,9.7497,9.6981,9.8467,9.9185,9.9659,10.001,9.9416,9.8963,9.8389,9.814,9.9725,10.089,10.256,10.381,10.371,10.374,10.38,10.39,10.334,10.336,10.357,10.401,10.418,10.381,10.347,10.375,10.369,10.345,10.319,10.284,10.305,10.245,10.123,10.066,10.083,9.9825,9.9582,9.9709,9.9738
9.0029,8.9082,8.7037,8.615,8.6658,8.7152,8.7583,8.8027,8.8497,8.8294,8.8893,8.8919,8.9272,8.9803,9.0181,8.9937,9.0013,8.9939,8.9241,8.8452,8.7413,8.913,8.8537,9.0559,9.6769,9.7778,9.8266,9.834,9.857,9.905,9.9455,9.9824,9.9203,9.878,9.7733,9.8711,9.9985,10.12,10.289,10.398,10.406,10.403,10.416,10.408,10.389,10.37,10.279,10.268,10.34,10.382,10.368,10.399,10.409,10.42,10.39,10.381,10.374,10.373,10.293,10.261,10.209,10.16,10.09,10.083,10.161
9.1066,9.0599,8.9412,8.8999,8.9282,9.0431,9.1331,9.1202,9.1822,9.1721,9.2033,9.2111,9.2495,9.2863,9.3281,9.3408,9.3459,9.3109,9.193,9.0801,8.8521,8.7666,8.6938,9.0584,9.702,9.8491,9.9004,9.8932,9.806,9.8197,9.8851,9.9624,9.8929,9.8118,9.8476,9.9121,10.034,10.146,10.322,10.407,10.399,10.385,10.382,10.363,10.377,10.377,10.341,10.29,10.274,10.281,10.313,10.365,10.38,10.393,10.376,10.359,10.378,10.4,10.327,10.355,10.351,10.329,10.239,10.214,10.291
9.5093,9.4284,9.3782,9.3157,9.2734,9.3222,9.4219,9.4949,9.5233,9.5292,9.5376,9.5618,9.5833,9.5867,9.6197,9.6447,9.6163,9.5412,9.37,9.2101,8.8541,8.7007,8.7018,9.1484,9.7819,9.8918,9.8777,9.8765,9.8481,9.7909,9.8617,9.9187,9.8367,9.8624,9.9261,9.9363,10.066,10.172,10.312,10.374,10.365,10.34,10.346,10.354,10.352,10.394,10.35,10.327,10.334,10.307,10.236,10.253,10.277,10.346,10.347,10.313,10.332,10.337,10.318,10.331,10.348,10.352,10.295,10.291,10.316
9.7203,9.646,9.6251,9.6004,9.5423,9.4975,9.5559,9.6308,9.7015,9.7458,9.7324,9.7317,9.7236,9.7448,9.7269,9.7227,9.6996,9.6166,9.4729,9.3073,8.9517,8.8474,8.8514,9.1762,9.7813,9.8678,9.8783,9.8579,9.8793,9.7593,9.824,9.8526,9.8694,9.9429,9.9646,9.9819,10.09,10.166,10.287,10.332,10.314,10.328,10.333,10.338,10.319,10.369,10.35,10.302,10.32,10.299,10.265,10.227,10.156,10.163,10.229,10.216,10.238,10.244,10.214,10.215,10.213,10.222,10.24,10.267,10.324
9.8096,9.8389,9.7929,9.8047,9.7582,9.6724,9.6559,9.7315,9.8043,9.8443,9.853,9.8535,9.8743,9.85,9.7868,9.7583,9.6866,9.6275,9.5722,9.5735,9.1968,9.0978,8.9615,9.1144,9.7569,9.8537,9.8734,9.8459,9.8604,9.8196,9.7475,9.7803,9.9186,9.9549,9.9345,9.9039,9.9806,10.079,10.174,10.2,10.197,10.209,10.205,10.201,10.178,10.222,10.223,10.159,10.172,10.144,10.116,10.106,10.111,10.084,10.042,9.9993,10.013,10.057,10.073,10.134,10.176,10.206,10.214,10.231,10.257
9.8911,9.9678,9.9851,9.9411,9.92,9.8572,9.8285,9.7912,9.879,9.9605,10.012,10.037,9.9603,9.8378,9.8165,9.7706,9.7011,9.6436,9.6643,9.742,9.3866,9.1588,8.9657,9.118,9.7415,9.8116,9.8375,9.7789,9.7702,9.7525,9.5961,9.6576,9.7472,9.8031,9.7866,9.7705,9.8488,9.9789,10.059,10.122,10.103,10.108,10.134,10.13,10.12,10.152,10.173,10.108,10.105,10.109,10.063,10.101,10.113,10.085,10.05,10.059,10.072,10.078,10.078,10.121,10.213,10.213,10.176,10.203,10.206
9.9166,9.969,10.013,10.016,10.002,9.9453,9.9034,9.8676,9.8298,9.9097,9.9741,10.027,9.9435,9.8347,9.7987,9.7123,9.6763,9.6761,9.7269,9.7279,9.2966,9.0423,8.8438,8.9739,9.6417,9.7132,9.7355,9.7153,9.7192,9.6397,9.6007,9.628,9.6745,9.7637,9.7636,9.7819,9.8586,10.01,10.104,10.153,10.126,10.152,10.155,10.156,10.136,10.18,10.172,10.123,10.123,10.129,10.089,10.097,10.112,10.089,10.145,10.166,10.146,10.167,10.111,10.071,10.144,10.061,10.052,10.1,10.142
9.9274,9.9849,10.014,10.037,10.063,10.003,9.9328,9.9248,9.8705,9.8497,9.8896,9.9153,9.8656,9.7545,9.6447,9.5931,9.6192,9.646,9.6426,9.5686,9.156,8.9046,8.784,8.9099,9.6272,9.767,9.8159,9.7698,9.7386,9.5938,9.6305,9.714,9.677,9.7108,9.7126,9.7917,9.8397,9.9964,10.129,10.162,10.137,10.144,10.142,10.143,10.11,10.161,10.128,10.123,10.12,10.067,10.025,10.081,10.145,10.11,10.137,10.162,10.123,10.142,10.078,10.08,10.154,10.055,10.027,10.023,10
9.9438,9.9627,10.027,10.046,10.066,10.055,9.979,9.9498,9.8652,9.7576,9.6159,9.6258,9.5842,9.5189,9.5194,9.5397,9.6255,9.6315,9.6023,9.6016,9.187,8.9326,8.8544,8.9178,9.6523,9.7897,9.8533,9.8049,9.6897,9.6275,9.6537,9.7363,9.772,9.6525,9.6728,9.745,9.8621,9.9862,10.096,10.165,10.136,10.136,10.122,10.116,10.107,10.153,10.102,10.045,10.014,10.098,10.051,10.103,10.138,10.081,10.09,10.096,10.088,10.095,10.052,10.065,10.153,10.069,10.085,10.123,10.104
9.9632,9.9802,10.031,10.061,10.041,10.022,9.9323,9.8225,9.7043,9.5495,9.4434,9.3732,9.3489,9.438,9.5573,9.6368,9.7014,9.6854,9.6314,9.6215,9.2466,8.9854,8.8693,8.943,9.6748,9.7694,9.8496,9.783,9.6566,9.7262,9.7102,9.736,9.7766,9.6987,9.5804,9.6813,9.8165,9.9721,10.068,10.156,10.124,10.118,10.081,10.11,10.094,10.063,9.9593,10.005,10.058,10.091,10.026,10.081,10.109,10.061,10.056,10.049,10.08,10.113,10.089,10.099,10.198,10.135,10.111,10.154,10.151
9.9659,9.97,9.9473,9.8895,9.8434,9.8299,9.8196,9.7542,9.637,9.5293,9.4324,9.3705,9.3408,9.4473,9.5531,9.6101,9.6829,9.7039,9.6492,9.6304,9.3076,9.0189,8.9268,8.9327,9.6192,9.7226,9.824,9.7389,9.7178,9.7758,9.7808,9.8154,9.8028,9.7373,9.6374,9.6109,9.7689,9.9466,10.045,10.128,10.106,10.062,10.006,10.019,9.9923,9.9707,9.9629,9.9862,10.044,10.064,9.9927,10.04,10.054,10.021,10.059,10.06,10.095,10.112,10.095,10.083,10.148,10.105,10.075,10.116,10.126
9.8533,9.7733,9.7581,9.7364,9.726,9.7468,9.7729,9.7444,9.6931,9.5721,9.4708,9.4274,9.4623,9.4605,9.5038,9.5401,9.619,9.676,9.6844,9.678,9.3458,8.9944,8.9035,8.9358,9.607,9.7128,9.7779,9.6783,9.7454,9.7666,9.795,9.8031,9.7775,9.7455,9.7034,9.6368,9.6167,9.7905,9.8819,9.9877,9.9823,9.9187,9.8483,9.882,9.9428,9.9328,9.9268,9.9189,9.9494,9.9915,9.9679,10.023,10.029,9.9842,9.9912,10.019,10.043,10.05,10.042,10.02,10.044,10.013,9.9936,10.002,9.9844
9.6277,9.6261,9.6479,9.7309,9.7662,9.805,9.7482,9.7212,9.7056,9.5615,9.4945,9.5712,9.5594,9.5166,9.4992,9.5006,9.5955,9.6217,9.6843,9.7061,9.3642,8.996,8.8662,8.9203,9.5484,9.6946,9.6769,9.602,9.6353,9.6248,9.6636,9.6868,9.6716,9.6243,9.6022,9.553,9.5134,9.5689,9.6686,9.7809,9.7858,9.702,9.7193,9.8221,9.8483,9.8296,9.8521,9.857,9.8836,9.9501,9.9091,9.9724,9.9658,9.9111,9.9256,9.9557,9.9562,9.9739,9.9575,9.9556,9.9351,9.9097,9.9237,9.9893,10.001
9.5093,9.6191,9.6952,9.7734,9.7784,9.7567,9.6879,9.6509,9.6315,9.6073,9.6542,9.6827,9.638,9.5747,9.5073,9.5189,9.5686,9.6239,9.6973,9.6661,9.3401,8.9843,8.8927,8.9521,9.4896,9.5141,9.3964,9.3682,9.4526,9.459,9.4616,9.5116,9.4944,9.4907,9.4991,9.4395,9.4661,9.5604,9.5755,9.6616,9.695,9.7763,9.8281,9.9665,9.9812,9.9945,9.998,10.006,10.006,10.021,10.011,10.068,10.021,10.017,10.001,10.026,10.012,9.9947,9.9608,10.019,10.048,10.073,10.091,10.122,10.126
9.6023,9.6594,9.7078,9.7775,9.7364,9.6566,9.6244,9.5825,9.5817,9.659,9.7281,9.7522,9.7233,9.6676,9.6154,9.6236,9.6273,9.5719,9.599,9.6069,9.3125,8.9523,8.8875,8.8921,9.3297,9.1613,8.8864,9.125,9.4241,9.5238,9.5763,9.5808,9.5893,9.5264,9.4744,9.4334,9.4479,9.5709,9.5525,9.6312,9.7571,9.8486,9.9212,10.018,10.056,10.04,10.042,10.062,10.025,10.03,10.079,10.083,10.056,10.061,10.018,10.008,10.023,10.093,10.108,10.153,10.127,10.131,10.16,10.16,10.147
9.707,9.7248,9.7283,9.726,9.6744,9.6136,9.5565,9.5358,9.6032,9.6923,9.7059,9.7657,9.7748,9.7689,9.7473,9.7414,9.6879,9.5869,9.5648,9.5727,9.2943,8.8636,8.7478,8.6937,9.2098,8.662,8.9879,9.2793,9.5444,9.598,9.5858,9.5501,9.5593,9.4801,9.4266,9.3752,9.3761,9.4631,9.5613,9.7934,9.8711,9.8897,9.975,10.036,10.09,10.075,10.087,10.094,10.059,10.075,10.096,10.07,10.03,10.022,10.058,10.103,10.124,10.144,10.142,10.166,10.139,10.158,10.169,10.152,10.126
9.7538,9.7693,9.7467,9.6687,9.6578,9.5644,9.5142,9.5506,9.6088,9.6693,9.7187,9.7509,9.7908,9.8467,9.8153,9.7644,9.7293,9.6587,9.582,9.538,9.1988,8.7047,8.5291,8.55,9.1395,8.6145,9.0279,9.3888,9.5721,9.6302,9.5853,9.5321,9.5313,9.4418,9.3891,9.3202,9.3349,9.5052,9.649,9.836,9.8937,9.88,9.8599,9.9336,10.005,10.025,10.081,10.085,10.075,10.048,10.015,9.9821,10.017,10.067,10.071,10.067,10.067,10.075,10.08,10.092,10.061,10.059,10.083,10.044,10.044
9.7848,9.7602,9.6923,9.642,9.6201,9.57,9.5441,9.6076,9.5962,9.6046,9.6739,9.7108,9.7845,9.8356,9.8379,9.8057,9.7574,9.7086,9.6338,9.5369,9.0125,8.5427,8.3939,8.4045,9.1257,8.8875,8.9263,9.392,9.4913,9.5083,9.4678,9.4609,9.4592,9.3755,9.3239,9.2669,9.4218,9.5819,9.6598,9.8095,9.8079,9.8233,9.8231,9.8077,9.8138,9.8692,9.9284,9.9687,9.9414,9.9419,9.9794,10.004,10.018,10.017,10.004,9.9936,9.9799,9.9822,9.9948,9.9934,9.9987,10.004,10.024,10.012,10.037
9.7376,9.7397,9.6929,9.6268,9.6197,9.5895,9.6484,9.6572,9.6334,9.612,9.6179,9.6471,9.7103,9.7597,9.7793,9.7724,9.7839,9.7942,9.602,9.3924,8.9405,8.4373,8.2774,8.3511,9.1654,9.108,8.9894,9.0801,9.2953,9.3537,9.3435,9.3364,9.3685,9.3047,9.2752,9.338,9.4284,9.5834,9.6387,9.7762,9.8126,9.8373,9.8555,9.9007,9.8707,9.8446,9.824,9.8497,9.8816,9.9689,10.012,10.045,10.083,10.126,10.157,10.169,10.172,10.215,10.212,10.223,10.228,10.257,10.246,10.258,10.268
9.6724,9.6219,9.6003,9.5993,9.5703,9.6508,9.7069,9.7045,9.7095,9.7223,9.688,9.6243,9.5667,9.5894,9.6359,9.7178,9.7095,9.6119,9.3928,9.2146,8.8396,8.3643,8.3395,8.4013,9.0479,9.0391,9.0862,9.0025,9.0246,9.1736,9.2683,9.3757,9.4274,9.3619,9.4336,9.5334,9.5916,9.7046,9.8032,9.9689,10.006,9.9852,9.9742,9.9618,9.9404,9.9174,9.8574,9.9221,10.015,10.118,10.191,10.25,10.293,10.31,10.317,10.345,10.331,10.353,10.354,10.348,10.349,10.366,10.331,10.339,10.345
9.6165,9.5717,9.5472,9.5308,9.5578,9.647,9.7086,9.7291,9.8,9.8456,9.8244,9.7758,9.6201,9.5133,9.3978,9.3082,9.1761,9.1656,9.1596,9.1071,8.8608,8.5275,8.5178,8.4874,9.1041,9.1514,9.2127,9.1732,9.1932,9.2042,9.2472,9.4187,9.4786,9.5597,9.6471,9.7185,9.7592,9.8342,9.8705,9.9852,10.037,10.024,10.036,9.9961,9.9823,10.013,10.077,10.095,10.1,10.107,10.124,10.192,10.254,10.301,10.322,10.348,10.348,10.375,10.383,10.381,10.382,10.386,10.388,10.395,10.396
9.5407,9.5455,9.5024,9.5018,9.5582,9.6426,9.6814,9.7372,9.8214,9.8442,9.8261,9.7953,9.765,9.5735,9.2571,8.9713,8.8736,8.8307,8.9412,9.2017,9.1109,8.7296,8.7022,8.69,9.2869,9.3277,9.3685,9.3031,9.2289,9.3792,9.3341,9.277,9.3774,9.5379,9.6046,9.6121,9.7063,9.8354,9.9357,10.11,10.145,10.131,10.092,10.068,10.118,10.144,10.162,10.181,10.193,10.207,10.18,10.176,10.177,10.243,10.287,10.303,10.337,10.354,10.38,10.383,10.392,10.392,10.399,10.408,10.42
9.4902,9.463,9.4366,9.5317,9.5916,9.6516,9.6793,9.761,9.7883,9.7449,9.6912,9.614,9.5452,9.5156,9.4504,9.4462,9.4238,9.2929,9.2162,9.1343,8.9326,8.5728,8.6079,8.6194,9.1977,9.2404,9.3411,9.3968,9.31,9.306,9.309,9.3193,9.3631,9.4302,9.5218,9.637,9.7952,9.9532,10.016,10.162,10.17,10.127,10.177,10.211,10.229,10.236,10.255,10.232,10.228,10.221,10.219,10.205,10.207,10.185,10.186,10.213,10.264,10.292,10.325,10.339,10.372,10.389,10.388,10.419,10.417
9.4658,9.4117,9.4283,9.5123,9.5746,9.6476,9.6833,9.7137,9.6582,9.6112,9.5531,9.5162,9.5345,9.649,9.7388,9.797,9.8351,9.7574,9.5082,9.3259,8.9889,8.3624,8.3715,8.4745,9.0559,9.1662,9.233,9.316,9.2509,9.0519,9.0476,9.2624,9.5072,9.6217,9.6281,9.6102,9.6498,9.8366,9.9566,10.117,10.111,10.181,10.256,10.27,10.295,10.291,10.295,10.266,10.259,10.243,10.223,10.219,10.215,10.227,10.23,10.215,10.207,10.203,10.23,10.266,10.307,10.339,10.344,10.373,10.38
9.3602,9.3655,9.4418,9.512,9.5976,9.633,9.656,9.6341,9.6018,9.5927,9.6359,9.7012,9.757,9.8365,9.8666,9.8654,9.864,9.8349,9.7355,9.5478,9.1495,8.5805,8.3724,8.4747,9.1271,9.194,9.2068,9.176,9.1911,9.1337,9.1634,9.3628,9.4361,9.4793,9.5334,9.5246,9.5642,9.6682,9.6743,9.8561,10.018,10.128,10.207,10.257,10.285,10.29,10.294,10.284,10.3,10.279,10.25,10.237,10.226,10.228,10.235,10.242,10.229,10.229,10.202,10.193,10.174,10.184,10.192,10.243,10.25
9.289,9.3494,9.4624,9.5446,9.5993,9.6566,9.6746,9.6327,9.6491,9.673,9.7464,9.8023,9.8353,9.8607,9.8972,9.8705,9.8165,9.807,9.7438,9.6763,9.3075,8.6491,8.4952,8.4549,9.0861,9.0203,9.1142,9.404,9.4379,9.4607,9.4207,9.4351,9.4679,9.4551,9.4651,9.4361,9.4516,9.5684,9.5726,9.767,9.8001,9.8512,9.9097,9.9714,10.044,10.093,10.134,10.169,10.202,10.227,10.244,10.268,10.255,10.25,10.237,10.202,10.204,10.202,10.164,10.148,10.133,10.124,10.065,10.019,9.9914
9.3089,9.3981,9.5029,9.6131,9.6258,9.6556,9.6959,9.6721,9.6927,9.7249,9.7843,9.8512,9.8568,9.8338,9.8277,9.8393,9.7728,9.7534,9.6944,9.6907,9.4948,8.8295,8.6216,8.5541,8.9265,8.6883,9.186,9.4825,9.5283,9.5841,9.5912,9.5228,9.5044,9.5393,9.5799,9.4954,9.4457,9.5482,9.6806,9.8703,9.9085,9.9371,9.8922,9.8622,9.8674,9.8881,9.9356,9.999,10.035,10.079,10.06,10.085,10.085,10.114,10.091,10.089,10.038,10.005,9.9811,9.9429,9.9405,9.9755,9.9209,9.9044,9.9149
9.3743,9.4696,9.5497,9.6101,9.635,9.6514,9.6908,9.707,9.7357,9.7643,9.8112,9.8519,9.8231,9.7523,9.7223,9.7489,9.6939,9.6986,9.6624,9.7036,9.5208,8.9836,8.8003,8.6564,9.0468,8.7339,9.2032,9.3221,9.5073,9.6256,9.7019,9.6777,9.5889,9.5946,9.6369,9.5186,9.5079,9.6693,9.7197,9.8976,9.9704,10.034,10.015,10.031,10.024,9.9836,9.9501,9.9375,9.9421,9.9505,9.9433,9.9477,9.9142,9.8813,9.904,9.8965,9.8584,9.834,9.8283,9.7705,9.7663,9.7564,9.7029,9.7026,9.7069
9.384,9.5261,9.6026,9.6169,9.6189,9.6661,9.6654,9.6876,9.732,9.7378,9.8036,9.7905,9.7535,9.6928,9.6615,9.6921,9.6521,9.676,9.6979,9.7137,9.5405,9.0528,8.9707,8.8662,9.3252,9.049,9.0087,9.1929,9.4896,9.6301,9.625,9.647,9.6344,9.5585,9.571,9.5568,9.6342,9.7693,9.84,10.004,10.002,10.031,10.018,10.022,10.039,10.021,10.013,9.9764,9.9795,9.8819,9.8113,9.7865,9.7896,9.7681,9.8196,9.7924,9.8022,9.7817,9.7968,9.7903,9.787,9.8472,9.8026,9.8071,9.7907
9.3514,9.5217,9.5611,9.5551,9.585,9.6272,9.6479,9.68,9.735,9.7536,9.7397,9.691,9.6807,9.633,9.5935,9.6818,9.6741,9.7075,9.7394,9.7482,9.5563,9.0699,8.9704,8.9414,9.4998,9.4064,9.3078,9.3055,9.4066,9.488,9.526,9.594,9.6553,9.6109,9.499,9.5851,9.6686,9.7891,9.849,9.9924,10.028,10.045,10,9.9578,9.9302,9.9055,9.8834,9.8966,9.9313,9.8419,9.8024,9.784,9.7742,9.7356,9.7462,9.7115,9.7091,9.7197,9.7751,9.7926,9.7925,9.8622,9.8252,9.8113,9.8352
9.2613,9.4526,9.5202,9.5706,9.5782,9.6211,9.6398,9.6885,9.7239,9.7282,9.6944,9.6437,9.63,9.5901,9.5931,9.691,9.6903,9.7176,9.7806,9.753,9.607,9.0565,8.954,8.9447,9.5588,9.5878,9.5519,9.6423,9.69,9.6492,9.5916,9.5639,9.544,9.4832,9.5118,9.5231,9.6411,9.8209,9.8772,10.014,10.017,10.013,9.9289,9.854,9.7924,9.7673,9.7548,9.769,9.8013,9.7327,9.7377,9.7754,9.8074,9.805,9.817,9.8115,9.8117,9.7712,9.7594,9.7338,9.7,9.7252,9.7285,9.7798,9.8248
